openTime,open,high,low,close,volume,closeTime,quoteAssetVolume,numTrades,takerBuyBaseAssetVolume,takerBuyQuoteAssetVolume,ignore
2022-03-22 20:00:00,42976.90,43188.00,42552.00,42642.00,60364.665,1647971999999,2587172046.87649,573638,29703.948,1273405787.36145,0
