openTime,open,high,low,close,volume,closeTime,quoteAssetVolume,numTrades,takerBuyBaseAssetVolume,takerBuyQuoteAssetVolume,ignore
2021-09-24 12:00:00,44270.31,44739.00,43873.11,44609.30,49477.798,1632470399999,2192050272.92103,474269,25176.937,1115660737.66382,0
