openTime,open,high,low,close,volume,closeTime,quoteAssetVolume,numTrades,takerBuyBaseAssetVolume,takerBuyQuoteAssetVolume,ignore
2021-09-24 15:30:00,44605.29,44729.12,44521.29,44609.30,2907.568,1632470399999,129792182.98707,28407,1477.199,65946165.94318,0
