openTime,open,high,low,close,volume,closeTime,quoteAssetVolume,numTrades,takerBuyBaseAssetVolume,takerBuyQuoteAssetVolume,ignore
2021-09-24 08:00:00,44828.29,44959.61,43873.11,44621.45,85023.002,1632527999999,3775881256.40782,863435,42541.150,1889644815.19340,0
