openTime,open,high,low,close,volume,closeTime,quoteAssetVolume,numTrades,takerBuyBaseAssetVolume,takerBuyQuoteAssetVolume,ignore
2021-09-24 14:00:00,44196.80,44739.00,44083.00,44621.45,27366.161,1632484799999,1216514388.85173,254024,14399.154,640077481.22097,0
