openTime,open,high,low,close,volume,closeTime,quoteAssetVolume,numTrades,takerBuyBaseAssetVolume,takerBuyQuoteAssetVolume,ignore
2022-03-22 20:00:00,42976.90,43188.00,42552.00,42643.80,60364.790,1647964799999,2587177377.35149,573644,29704.059,1273410520.82325,0
