openTime,open,high,low,close,volume,closeTime,quoteAssetVolume,numTrades,takerBuyBaseAssetVolume,takerBuyQuoteAssetVolume,ignore
2022-03-22 08:00:00,40982.00,43517.70,40852.00,42643.80,302594.838,1647993599999,12843408847.83408,2698315,155807.005,6613646102.99644,0
