openTime,open,high,low,close,volume,closeTime,quoteAssetVolume,numTrades,takerBuyBaseAssetVolume,takerBuyQuoteAssetVolume,ignore
2021-09-24 15:00:00,44091.78,44739.00,44083.00,44631.33,17295.853,1632470399999,770793303.17439,147883,9316.218,415089615.39505,0
