openTime,open,high,low,close,volume,closeTime,quoteAssetVolume,numTrades,takerBuyBaseAssetVolume,takerBuyQuoteAssetVolume,ignore
2022-03-22 23:00:00,42739.60,42779.00,42552.00,42642.00,10752.487,1647964799999,458998639.62414,97172,5137.084,219326027.97413,0
